<?xml version="1.0" encoding="UTF-8"?>
<metadata xmlns="http://www.demandware.com/xml/impex/metadata/2006-10-31">
    <type-extension type-id="Order">
        <custom-attribute-definitions>
            <attribute-definition attribute-id="SezzleExternalId">
                <display-name xml:lang="x-default">Sezzle External Id</display-name>
                <description xml:lang="x-default">Sezzle Charge ID</description>
                <type>string</type>
                <mandatory-flag>false</mandatory-flag>
                <externally-managed-flag>true</externally-managed-flag>
                <min-length>0</min-length>
            </attribute-definition>
            <attribute-definition attribute-id="SezzleOrderUUID">
                <display-name xml:lang="x-default">Sezzle Order UUID</display-name>
                <description xml:lang="x-default">Sezzle Order UUID</description>
                <type>string</type>
                <mandatory-flag>false</mandatory-flag>
                <externally-managed-flag>true</externally-managed-flag>
                <min-length>0</min-length>
            </attribute-definition>
            <attribute-definition attribute-id="SezzleAuthExpiration">
                <display-name xml:lang="x-default">Sezzle Auth Expiration</display-name>
                <description xml:lang="x-default">Sezzle Auth Expiration</description>
                <type>string</type>
                <mandatory-flag>false</mandatory-flag>
                <externally-managed-flag>true</externally-managed-flag>
                <min-length>0</min-length>
            </attribute-definition>
            <attribute-definition attribute-id="SezzleAuthUUID">
                <display-name xml:lang="x-default">Sezzle Auth UUID</display-name>
                <description xml:lang="x-default">Sezzle Auth UUID</description>
                <type>string</type>
                <mandatory-flag>false</mandatory-flag>
                <externally-managed-flag>true</externally-managed-flag>
                <min-length>0</min-length>
            </attribute-definition>
            <attribute-definition attribute-id="SezzleOrderAmount">
                <display-name xml:lang="x-default">Sezzle Order Amount</display-name>
                <description xml:lang="x-default">Order Amount in Cents</description>
                <type>string</type>
                <mandatory-flag>false</mandatory-flag>
                <externally-managed-flag>true</externally-managed-flag>
                <min-length>0</min-length>
            </attribute-definition>
            <attribute-definition attribute-id="SezzleCapturedAmount">
                <display-name xml:lang="x-default">Sezzle Captured Amount</display-name>
                <description xml:lang="x-default">Captured Amount in Cents</description>
                <type>string</type>
                <mandatory-flag>false</mandatory-flag>
                <externally-managed-flag>true</externally-managed-flag>
                <min-length>0</min-length>
            </attribute-definition>
            <attribute-definition attribute-id="SezzleRefundedAmount">
                <display-name xml:lang="x-default">Sezzle Refunded Amount</display-name>
                <description xml:lang="x-default">Refunded Amount in Cents</description>
                <type>string</type>
                <mandatory-flag>false</mandatory-flag>
                <externally-managed-flag>true</externally-managed-flag>
                <min-length>0</min-length>
            </attribute-definition>
            <attribute-definition attribute-id="SezzleReleasedAmount">
                <display-name xml:lang="x-default">Sezzle Released Amount</display-name>
                <description xml:lang="x-default">Released Amount in Cents</description>
                <type>string</type>
                <mandatory-flag>false</mandatory-flag>
                <externally-managed-flag>true</externally-managed-flag>
                <min-length>0</min-length>
            </attribute-definition>
            <attribute-definition attribute-id="SezzlePaymentAction">
                <display-name xml:lang="x-default">Sezzle Payment Action</display-name>
                <description xml:lang="x-default">Defines by what action order was placed</description>
                <type>enum-of-string</type>
                <mandatory-flag>false</mandatory-flag>
                <externally-managed-flag>true</externally-managed-flag>
                <value-definitions>
                    <value-definition>
                        <display xml:lang="x-default">AUTHORIZATION</display>
                        <value>AUTH</value>
                    </value-definition>
                    <value-definition>
                        <display xml:lang="x-default">AUTHORIZATION + CAPTURE</display>
                        <value>CAPTURE</value>
                    </value-definition>
                </value-definitions>
            </attribute-definition>
            <attribute-definition attribute-id="SezzleToken">
                <display-name xml:lang="x-default">Sezzle Token</display-name>
                <description xml:lang="x-default">Sezzle Tokenized token</description>
                <type>string</type>
                <mandatory-flag>false</mandatory-flag>
                <externally-managed-flag>true</externally-managed-flag>
                <min-length>0</min-length>
            </attribute-definition>
        </custom-attribute-definitions>
        <group-definitions>
            <attribute-group group-id="Sezzle">
                <display-name xml:lang="x-default">Sezzle</display-name>
                <attribute attribute-id="SezzleExternalId"/>
                <attribute attribute-id="SezzlePaymentAction"/>
                <attribute attribute-id="SezzleToken"/>
                <attribute attribute-id="SezzleAuthExpiration"/>
                <attribute attribute-id="SezzleOrderUUID"/>
                <attribute attribute-id="SezzleAuthUUID"/>
                <attribute attribute-id="SezzleOrderAmount"/>
                <attribute attribute-id="SezzleCapturedAmount"/>
                <attribute attribute-id="SezzleRefundedAmount"/>
                <attribute attribute-id="SezzleReleasedAmount"/>
            </attribute-group>
        </group-definitions>
    </type-extension>


    <type-extension type-id="SitePreferences">
        <custom-attribute-definitions>
            <attribute-definition attribute-id="SezzleMode">
                <display-name xml:lang="x-default">Sezzle Mode</display-name>
                <type>enum-of-string</type>
                <mandatory-flag>false</mandatory-flag>
                <externally-managed-flag>false</externally-managed-flag>
                <value-definitions>
                    <value-definition default="true">
                        <display xml:lang="x-default">Sandbox</display>
                        <value>sandbox</value>
                    </value-definition>
                    <value-definition>
                        <display xml:lang="x-default">Production</display>
                        <value>production</value>
                    </value-definition>
                </value-definitions>
            </attribute-definition>
            <attribute-definition attribute-id="SezzleOnline">
                <display-name xml:lang="x-default">Sezzle Enabled</display-name>
                <description xml:lang="x-default">Turn on/off Sezzle integration</description>
                <type>boolean</type>
                <mandatory-flag>false</mandatory-flag>
                <externally-managed-flag>false</externally-managed-flag>
                <default-value>true</default-value>
            </attribute-definition>
            <attribute-definition attribute-id="SezzlePaymentAction">
                <display-name xml:lang="x-default">Sezzle Payment Action</display-name>
                <type>enum-of-string</type>
                <mandatory-flag>false</mandatory-flag>
                <externally-managed-flag>false</externally-managed-flag>
                <value-definitions>
                    <value-definition default="true">
                        <display xml:lang="x-default">AUTHORIZATION</display>
                        <value>AUTH</value>
                    </value-definition>
                    <value-definition>
                        <display xml:lang="x-default">AUTHORIZATION + CAPTURE</display>
                        <value>CAPTURE</value>
                    </value-definition>
                </value-definitions>
            </attribute-definition>
            <attribute-definition attribute-id="SezzleMerchantUUID">
                <display-name xml:lang="x-default">Sezzle Merchant UUID</display-name>
                <type>string</type>
                <mandatory-flag>false</mandatory-flag>
                <externally-managed-flag>false</externally-managed-flag>
                <min-length>0</min-length>
            </attribute-definition>
            <attribute-definition attribute-id="SezzlePrivateKey">
                <display-name xml:lang="x-default">Sezzle Private Key</display-name>
                <type>string</type>
                <mandatory-flag>true</mandatory-flag>
                <externally-managed-flag>false</externally-managed-flag>
                <min-length>0</min-length>
            </attribute-definition>
            <attribute-definition attribute-id="SezzlePublicKey">
                <display-name xml:lang="x-default">Sezzle Public Key</display-name>
                <type>string</type>
                <mandatory-flag>true</mandatory-flag>
                <externally-managed-flag>false</externally-managed-flag>
                <min-length>0</min-length>
            </attribute-definition>
            <attribute-definition attribute-id="StoreFrontPath">
                <display-name xml:lang="x-default">StoreFront Path</display-name>
                <type>string</type>
                <mandatory-flag>false</mandatory-flag>
                <externally-managed-flag>false</externally-managed-flag>
                <min-length>0</min-length>
            </attribute-definition>
            <attribute-definition attribute-id="SezzleTokenize">
                <display-name xml:lang="x-default">Tokenize Customer?</display-name>
                <type>boolean</type>
                <mandatory-flag>false</mandatory-flag>
                <externally-managed-flag>false</externally-managed-flag>
                <min-length>0</min-length>
                <default-value>false</default-value>
            </attribute-definition>
            <attribute-definition attribute-id="SezzleCheckout">
                <display-name xml:lang="x-default">Create Checkout?</display-name>
                <type>boolean</type>
                <mandatory-flag>false</mandatory-flag>
                <externally-managed-flag>false</externally-managed-flag>
                <min-length>0</min-length>
                <default-value>true</default-value>
            </attribute-definition>
        </custom-attribute-definitions>
        <group-definitions>
            <attribute-group group-id="SEZZLE_PAYMENT">
                <display-name xml:lang="x-default">Sezzle</display-name>
                <attribute attribute-id="SezzleOnline"/>
                <attribute attribute-id="SezzleMode"/>
                <attribute attribute-id="SezzleMerchantUUID"/>
                <attribute attribute-id="SezzlePublicKey"/>
                <attribute attribute-id="SezzlePrivateKey"/>
                <attribute attribute-id="SezzlePaymentAction"/>
                <attribute attribute-id="SezzleTokenize"/>
                <attribute attribute-id="SezzleCheckout"/>
                <attribute attribute-id="StoreFrontPath"/>
            </attribute-group>
        </group-definitions>
    </type-extension>

    <type-extension type-id="OrderPaymentInstrument">
        <custom-attribute-definitions>
            <attribute-definition attribute-id="sezzled">
                <display-name xml:lang="x-default">sezzled</display-name>
                <type>boolean</type>
                <mandatory-flag>false</mandatory-flag>
                <externally-managed-flag>false</externally-managed-flag>
            </attribute-definition>
        </custom-attribute-definitions>
    </type-extension>
</metadata>
