<?xml version="1.0" encoding="UTF-8"?>
<metadata xmlns="http://www.demandware.com/xml/impex/metadata/2006-10-31">
    <type-extension type-id="Profile">
        <custom-attribute-definitions>
            <attribute-definition attribute-id="SezzleCustomerUUID">
                <display-name xml:lang="x-default">Sezzle Customer UUID</display-name>
                <type>string</type>
                <mandatory-flag>false</mandatory-flag>
                <externally-managed-flag>false</externally-managed-flag>
                <min-length>0</min-length>
            </attribute-definition>
            <attribute-definition attribute-id="SezzleCustomerTokenizeStatus">
                <display-name xml:lang="x-default">Sezzle Customer Tokenize Status</display-name>
                <type>boolean</type>
                <mandatory-flag>false</mandatory-flag>
                <externally-managed-flag>false</externally-managed-flag>
                <min-length>0</min-length>
            </attribute-definition>
            <attribute-definition attribute-id="SezzleCustomerUUIDExpiration">
                <display-name xml:lang="x-default">Sezzle Customer UUID Expiration</display-name>
                <type>string</type>
                <mandatory-flag>false</mandatory-flag>
                <externally-managed-flag>false</externally-managed-flag>
                <min-length>0</min-length>
            </attribute-definition>
            <attribute-definition attribute-id="SezzleCustomerCreateOrderLink">
                <display-name xml:lang="x-default">Sezzle Customer Create Order Link</display-name>
                <type>string</type>
                <mandatory-flag>false</mandatory-flag>
                <externally-managed-flag>false</externally-managed-flag>
                <min-length>0</min-length>
            </attribute-definition>
            <attribute-definition attribute-id="SezzleGetCustomerLink">
                <display-name xml:lang="x-default">Sezzle Get Customer Link</display-name>
                <type>string</type>
                <mandatory-flag>false</mandatory-flag>
                <externally-managed-flag>false</externally-managed-flag>
                <min-length>0</min-length>
            </attribute-definition>
        </custom-attribute-definitions>
        <group-definitions>
            <attribute-group group-id="Sezzle">
                <display-name xml:lang="x-default">Sezzle</display-name>
                <attribute attribute-id="SezzleCustomerUUID"/>
                <attribute attribute-id="SezzleCustomerTokenizeStatus"/>
                <attribute attribute-id="SezzleCustomerUUIDExpiration"/>
            </attribute-group>
        </group-definitions>
    </type-extension>
    <type-extension type-id="Order">
        <custom-attribute-definitions>
            <attribute-definition attribute-id="SezzleExternalId">
                <display-name xml:lang="x-default">Sezzle External Id</display-name>
                <description xml:lang="x-default">Sezzle Charge ID</description>
                <type>string</type>
                <mandatory-flag>false</mandatory-flag>
                <externally-managed-flag>true</externally-managed-flag>
                <min-length>0</min-length>
            </attribute-definition>
            <attribute-definition attribute-id="SezzleOrderUUID">
                <display-name xml:lang="x-default">Sezzle Order UUID</display-name>
                <description xml:lang="x-default">Sezzle Order UUID</description>
                <type>string</type>
                <mandatory-flag>false</mandatory-flag>
                <externally-managed-flag>true</externally-managed-flag>
                <min-length>0</min-length>
            </attribute-definition>
            <attribute-definition attribute-id="SezzleAuthExpiration">
                <display-name xml:lang="x-default">Sezzle Auth Expiration</display-name>
                <description xml:lang="x-default">Sezzle Auth Expiration</description>
                <type>string</type>
                <mandatory-flag>false</mandatory-flag>
                <externally-managed-flag>true</externally-managed-flag>
                <min-length>0</min-length>
            </attribute-definition>
            <attribute-definition attribute-id="SezzleOrderAmount">
                <display-name xml:lang="x-default">Sezzle Order Amount</display-name>
                <description xml:lang="x-default">Order Amount in Cents</description>
                <type>string</type>
                <mandatory-flag>false</mandatory-flag>
                <externally-managed-flag>true</externally-managed-flag>
                <min-length>0</min-length>
            </attribute-definition>
            <attribute-definition attribute-id="SezzleCapturedAmount">
                <display-name xml:lang="x-default">Sezzle Captured Amount</display-name>
                <description xml:lang="x-default">Captured Amount in Cents</description>
                <type>string</type>
                <mandatory-flag>false</mandatory-flag>
                <externally-managed-flag>true</externally-managed-flag>
                <min-length>0</min-length>
            </attribute-definition>
            <attribute-definition attribute-id="SezzleRefundedAmount">
                <display-name xml:lang="x-default">Sezzle Refunded Amount</display-name>
                <description xml:lang="x-default">Refunded Amount in Cents</description>
                <type>string</type>
                <mandatory-flag>false</mandatory-flag>
                <externally-managed-flag>true</externally-managed-flag>
                <min-length>0</min-length>
            </attribute-definition>
            <attribute-definition attribute-id="SezzleReleasedAmount">
                <display-name xml:lang="x-default">Sezzle Released Amount</display-name>
                <description xml:lang="x-default">Released Amount in Cents</description>
                <type>string</type>
                <mandatory-flag>false</mandatory-flag>
                <externally-managed-flag>true</externally-managed-flag>
                <min-length>0</min-length>
            </attribute-definition>
            <attribute-definition attribute-id="SezzlePaymentAction">
                <display-name xml:lang="x-default">Sezzle Payment Action</display-name>
                <description xml:lang="x-default">Defines by what action order was placed</description>
                <type>enum-of-string</type>
                <mandatory-flag>false</mandatory-flag>
                <externally-managed-flag>true</externally-managed-flag>
                <value-definitions>
                    <value-definition>
                        <display xml:lang="x-default">AUTHORIZATION</display>
                        <value>AUTH</value>
                    </value-definition>
                    <value-definition>
                        <display xml:lang="x-default">AUTHORIZATION + CAPTURE</display>
                        <value>CAPTURE</value>
                    </value-definition>
                </value-definitions>
            </attribute-definition>
            <attribute-definition attribute-id="SezzleCustomerUUID">
                <display-name xml:lang="x-default">Sezzle Customer UUID</display-name>
                <description xml:lang="x-default">Sezzle Customer UUID</description>
                <type>string</type>
                <mandatory-flag>false</mandatory-flag>
                <externally-managed-flag>true</externally-managed-flag>
                <min-length>0</min-length>
            </attribute-definition>
            <attribute-definition attribute-id="SezzleCustomerUUIDExpiration">
                <display-name xml:lang="x-default">Sezzle Customer UUID Expiration</display-name>
                <description xml:lang="x-default">Sezzle Customer UUID Expiration</description>
                <type>string</type>
                <mandatory-flag>false</mandatory-flag>
                <externally-managed-flag>true</externally-managed-flag>
                <min-length>0</min-length>
            </attribute-definition>
            <attribute-definition attribute-id="SezzleGetOrderLink">
                <display-name xml:lang="x-default">Sezzle Get Order Link</display-name>
                <description xml:lang="x-default">Sezzle Get Order Link</description>
                <type>string</type>
                <mandatory-flag>false</mandatory-flag>
                <externally-managed-flag>false</externally-managed-flag>
                <min-length>0</min-length>
            </attribute-definition>
            <attribute-definition attribute-id="SezzleUpdateOrderLink">
                <display-name xml:lang="x-default">Sezzle Update Order Link</display-name>
                <description xml:lang="x-default">Sezzle Update Order Link</description>
                <type>string</type>
                <mandatory-flag>false</mandatory-flag>
                <externally-managed-flag>false</externally-managed-flag>
                <min-length>0</min-length>
            </attribute-definition>
            <attribute-definition attribute-id="SezzleCapturePaymentLink">
                <display-name xml:lang="x-default">Sezzle Capture Payment Link</display-name>
                <description xml:lang="x-default">Sezzle Capture Payment Link</description>
                <type>string</type>
                <mandatory-flag>false</mandatory-flag>
                <externally-managed-flag>false</externally-managed-flag>
                <min-length>0</min-length>
            </attribute-definition>
            <attribute-definition attribute-id="SezzleRefundPaymentLink">
                <display-name xml:lang="x-default">Sezzle Refund Payment Link</display-name>
                <description xml:lang="x-default">Sezzle Refund Payment Link</description>
                <type>string</type>
                <mandatory-flag>false</mandatory-flag>
                <externally-managed-flag>false</externally-managed-flag>
                <min-length>0</min-length>
            </attribute-definition>
            <attribute-definition attribute-id="SezzleReleasePaymentLink">
                <display-name xml:lang="x-default">Sezzle Release Payment Link</display-name>
                <description xml:lang="x-default">Sezzle Release Payment Link</description>
                <type>string</type>
                <mandatory-flag>false</mandatory-flag>
                <externally-managed-flag>false</externally-managed-flag>
                <min-length>0</min-length>
            </attribute-definition>
        </custom-attribute-definitions>
        <group-definitions>
            <attribute-group group-id="Sezzle">
                <display-name xml:lang="x-default">Sezzle</display-name>
                <attribute attribute-id="SezzleExternalId"/>
                <attribute attribute-id="SezzlePaymentAction"/>
                <attribute attribute-id="SezzleCustomerUUID"/>
                <attribute attribute-id="SezzleCustomerUUIDExpiration"/>
                <attribute attribute-id="SezzleAuthExpiration"/>
                <attribute attribute-id="SezzleOrderUUID"/>
                <attribute attribute-id="SezzleOrderAmount"/>
                <attribute attribute-id="SezzleCapturedAmount"/>
                <attribute attribute-id="SezzleRefundedAmount"/>
                <attribute attribute-id="SezzleReleasedAmount"/>
            </attribute-group>
        </group-definitions>
    </type-extension>


    <type-extension type-id="SitePreferences">
        <custom-attribute-definitions>
            <attribute-definition attribute-id="SezzleMode">
                <display-name xml:lang="x-default">Mode</display-name>
                <type>enum-of-string</type>
                <mandatory-flag>false</mandatory-flag>
                <externally-managed-flag>false</externally-managed-flag>
                <value-definitions>
                    <value-definition default="true">
                        <display xml:lang="x-default">Sandbox</display>
                        <value>sandbox</value>
                    </value-definition>
                    <value-definition>
                        <display xml:lang="x-default">Production</display>
                        <value>production</value>
                    </value-definition>
                </value-definitions>
            </attribute-definition>
            <attribute-definition attribute-id="SezzleOnline">
                <display-name xml:lang="x-default">Enabled</display-name>
                <description xml:lang="x-default">Turn on/off Sezzle integration</description>
                <type>boolean</type>
                <mandatory-flag>false</mandatory-flag>
                <externally-managed-flag>false</externally-managed-flag>
                <default-value>true</default-value>
            </attribute-definition>
            <attribute-definition attribute-id="SezzlePaymentAction">
                <display-name xml:lang="x-default">Payment Action</display-name>
                <type>enum-of-string</type>
                <mandatory-flag>false</mandatory-flag>
                <externally-managed-flag>false</externally-managed-flag>
                <value-definitions>
                    <value-definition>
                        <display xml:lang="x-default">AUTHORIZATION</display>
                        <value>AUTH</value>
                    </value-definition>
                    <value-definition default="true">
                        <display xml:lang="x-default">AUTHORIZATION + CAPTURE</display>
                        <value>CAPTURE</value>
                    </value-definition>
                </value-definitions>
            </attribute-definition>
            <attribute-definition attribute-id="SezzleMerchantUUID">
                <display-name xml:lang="x-default">Merchant ID</display-name>
                <type>string</type>
                <mandatory-flag>true</mandatory-flag>
                <externally-managed-flag>false</externally-managed-flag>
                <min-length>0</min-length>
            </attribute-definition>
            <attribute-definition attribute-id="SezzleAllowWidgetInPDP">
                <display-name xml:lang="x-default">Allow Widget In PDP</display-name>
                <description xml:lang="x-default">Turn on/off Sezzle Widget in PDP</description>
                <type>boolean</type>
                <mandatory-flag>false</mandatory-flag>
                <externally-managed-flag>false</externally-managed-flag>
                <default-value>false</default-value>
            </attribute-definition>
            <attribute-definition attribute-id="SezzleAllowWidgetInCartPage">
                <display-name xml:lang="x-default">Allow Widget In Cart Page</display-name>
                <description xml:lang="x-default">Turn on/off Sezzle Widget in Cart Page</description>
                <type>boolean</type>
                <mandatory-flag>false</mandatory-flag>
                <externally-managed-flag>false</externally-managed-flag>
                <default-value>false</default-value>
            </attribute-definition>
            <attribute-definition attribute-id="SezzlePrivateKey">
                <display-name xml:lang="x-default">Private Key</display-name>
                <type>string</type>
                <mandatory-flag>true</mandatory-flag>
                <externally-managed-flag>false</externally-managed-flag>
                <min-length>0</min-length>
            </attribute-definition>
            <attribute-definition attribute-id="SezzlePublicKey">
                <display-name xml:lang="x-default">Public Key</display-name>
                <type>string</type>
                <mandatory-flag>true</mandatory-flag>
                <externally-managed-flag>false</externally-managed-flag>
                <min-length>0</min-length>
            </attribute-definition>
            <attribute-definition attribute-id="StoreFrontPath">
                <display-name xml:lang="x-default">StoreFront Path</display-name>
                <type>string</type>
                <mandatory-flag>false</mandatory-flag>
                <externally-managed-flag>false</externally-managed-flag>
                <min-length>0</min-length>
            </attribute-definition>
            <attribute-definition attribute-id="SezzleTokenize">
                <display-name xml:lang="x-default">Tokenize Customer?</display-name>
                <type>boolean</type>
                <mandatory-flag>false</mandatory-flag>
                <externally-managed-flag>false</externally-managed-flag>
                <min-length>0</min-length>
                <default-value>false</default-value>
            </attribute-definition>
        </custom-attribute-definitions>
        <group-definitions>
            <attribute-group group-id="SEZZLE_PAYMENT">
                <display-name xml:lang="x-default">Sezzle</display-name>
                <attribute attribute-id="SezzleOnline"/>
                <attribute attribute-id="SezzleMode"/>
                <attribute attribute-id="SezzleMerchantUUID"/>
                <attribute attribute-id="SezzlePublicKey"/>
                <attribute attribute-id="SezzlePrivateKey"/>
                <attribute attribute-id="SezzlePaymentAction"/>
                <attribute attribute-id="SezzleTokenize"/>
                <attribute attribute-id="SezzleAllowWidgetInPDP"/>
                <attribute attribute-id="SezzleAllowWidgetInCartPage"/>
                <attribute attribute-id="StoreFrontPath"/>
            </attribute-group>
        </group-definitions>
    </type-extension>

    <type-extension type-id="OrderPaymentInstrument">
        <custom-attribute-definitions>
            <attribute-definition attribute-id="sezzled">
                <display-name xml:lang="x-default">sezzled</display-name>
                <type>boolean</type>
                <mandatory-flag>false</mandatory-flag>
                <externally-managed-flag>false</externally-managed-flag>
            </attribute-definition>
        </custom-attribute-definitions>
    </type-extension>
</metadata>
