<?xml version="1.0" encoding="UTF-8"?>
<jobs xmlns="http://www.demandware.com/xml/impex/jobs/2015-07-01">
    <job job-id="SezzleRefundSFRA" priority="0">
        <description/>
        <parameters/>
        <flow>
            <context site-id="Sites"/>
            <step step-id="SezzleRefund" type="ExecuteScriptModule" enforce-restart="false">
                <description/>
                <parameters>
                    <parameter name="ExecuteScriptModule.Module">int_sezzle_core/cartridge/scripts/jobs/refund.ds</parameter>
                    <parameter name="ExecuteScriptModule.FunctionName">execute</parameter>
                    <parameter name="ExecuteScriptModule.Transactional">true</parameter>
                </parameters>
            </step>
        </flow>
        <rules/>
        <triggers>
            <run-once enabled="false">
                <date>2018-04-04Z</date>
                <time>12:10:17.000Z</time>
            </run-once>
        </triggers>
    </job>
</jobs>
